,count,mean,std,min,median,max
latitude,28795.0,-43.56,0.08,-43.87,-43.53,-43.42
longitude,28795.0,172.66,0.1,172.43,172.64,173.1
price,18128.0,260.2,943.72,27.0,205.0,43654.0
minimum_nights,28758.0,1.79,5.51,1.0,1.0,365.0
number_of_reviews,28795.0,70.39,120.51,0.0,26.0,1584.0
reviews_per_month,26168.0,2.35,2.19,0.01,1.7,16.57
calculated_host_listings_count,28795.0,58.3,188.53,1.0,3.0,1586.0
availability_365,28795.0,203.8,112.28,0.0,225.0,365.0
number_of_reviews_ltm,28795.0,19.0,23.5,0.0,10.0,185.0
