area_code,area_name,airbnb_count,long_term_rentals,total_supply,airbnb_ratio
327000,Christchurch Central-East,402,987.0,1389.0,28.94168466522678
327100,Christchurch Central-South,312,276.0,588.0,53.06122448979592
325800,Christchurch Central-North,220,1134.0,1354.0,16.248153618906944
326600,Christchurch Central,153,42.0,195.0,78.46153846153847
325700,Christchurch Central-West,142,453.0,595.0,23.865546218487395
333500,Akaroa,120,,,
333300,Akaroa Harbour,95,,,
323000,Merivale,79,654.0,733.0,10.77762619372442
332700,Sumner,79,270.0,349.0,22.636103151862464
332500,Lyttelton,66,231.0,297.0,22.22222222222222
327900,Linwood West,63,1692.0,1755.0,3.5897435897435894
324800,St Albans East,62,1026.0,1088.0,5.698529411764706
323900,St Albans West,61,711.0,772.0,7.901554404145078
325300,Edgeware,60,1425.0,1485.0,4.040404040404041
330200,New Brighton,54,480.0,534.0,10.112359550561797
332900,Diamond Harbour,52,,,
322700,Wharenui,49,549.0,598.0,8.193979933110368
324400,Riccarton South,48,969.0,1017.0,4.71976401179941
332000,Mount Pleasant,45,153.0,198.0,22.727272727272727
326100,Addington West,43,861.0,904.0,4.756637168141593
318300,Burnside Park,42,279.0,321.0,13.084112149532709
333100,Banks Peninsula South,40,,,
328900,Phillipstown,38,1116.0,1154.0,3.2928942807625647
323800,St Albans North,36,573.0,609.0,5.911330049261084
332100,Redcliffs,36,156.0,192.0,18.75
332400,Clifton Hill,36,90.0,126.0,28.57142857142857
323300,Riccarton West,33,987.0,1020.0,3.2352941176470593
331300,Cashmere East,33,156.0,189.0,17.46031746031746
333200,Eastern Bays-Banks Peninsula,33,,,
326800,Richmond South (Christchurch City),32,816.0,848.0,3.7735849056603774
323200,Mona Vale,31,261.0,292.0,10.616438356164384
325200,Riccarton East,29,297.0,326.0,8.895705521472392
316700,Christchurch Airport,28,,,
322200,Rutland,27,270.0,297.0,9.090909090909092
328100,Sydenham Central,25,111.0,136.0,18.38235294117647
329100,Somerfield East,25,486.0,511.0,4.892367906066536
333400,Inlet Akaroa Harbour,25,,,
325900,Richmond North (Christchurch City),24,342.0,366.0,6.557377049180328
327600,Spreydon North,24,738.0,762.0,3.149606299212598
330300,Cashmere West,24,141.0,165.0,14.545454545454545
331700,South New Brighton,24,213.0,237.0,10.126582278481013
327400,Addington East,23,873.0,896.0,2.5669642857142856
329400,Sydenham North,23,585.0,608.0,3.7828947368421053
320500,Northcote (Christchurch City),22,288.0,310.0,7.096774193548387
322400,Deans Bush,22,240.0,262.0,8.396946564885496
322900,Awatea South,22,96.0,118.0,18.64406779661017
327200,North Beach,22,288.0,310.0,7.096774193548387
331200,Huntsbury,22,108.0,130.0,16.923076923076923
322100,Malvern,21,273.0,294.0,7.142857142857142
327300,Halswell North,21,180.0,201.0,10.44776119402985
326400,Addington North,20,69.0,89.0,22.47191011235955
329700,Sydenham South,20,582.0,602.0,3.322259136212625
317800,Bishopdale North,19,318.0,337.0,5.637982195845697
320200,Ilam North,19,606.0,625.0,3.04
320600,Jellie Park,19,252.0,271.0,7.011070110701106
321100,Hornby South,19,435.0,454.0,4.185022026431718
329600,Charleston (Christchurch City),19,399.0,418.0,4.545454545454546
330000,Westmorland,19,66.0,85.0,22.35294117647059
316600,Yaldhurst,18,132.0,150.0,12.0
319200,Burnside,18,351.0,369.0,4.878048780487805
322600,Holmwood,18,129.0,147.0,12.244897959183673
326900,Spreydon West,18,552.0,570.0,3.1578947368421053
329000,Kennedys Bush,18,240.0,258.0,6.976744186046512
332200,Governors Bay,18,,,
317000,Harewood,17,39.0,56.0,30.357142857142854
318700,Broomfield,17,111.0,128.0,13.28125
328500,Linwood North,17,459.0,476.0,3.571428571428571
329900,Waltham,17,651.0,668.0,2.5449101796407185
330600,Beckenham,16,141.0,157.0,10.191082802547772
331400,Hillsborough (Christchurch City),16,162.0,178.0,8.98876404494382
321400,Strowan,15,315.0,330.0,4.545454545454546
321800,Bush Inn,15,732.0,747.0,2.0080321285140563
324500,Halswell West,15,366.0,381.0,3.937007874015748
324900,Hagley Park,15,,,
331900,Heathcote Valley,15,123.0,138.0,10.869565217391305
316900,Belfast West,14,189.0,203.0,6.896551724137931
317500,Russley,14,63.0,77.0,18.181818181818183
317700,Hawthornden,14,201.0,215.0,6.511627906976744
319500,Avonhead East,14,273.0,287.0,4.878048780487805
323400,Shirley West,14,285.0,299.0,4.682274247491638
331100,Woolston East,14,339.0,353.0,3.9660056657223794
320800,Bryndwr South,13,270.0,283.0,4.593639575971731
321000,Sockburn North,13,483.0,496.0,2.620967741935484
323100,Mairehau South,13,321.0,334.0,3.8922155688622757
319300,Hei Hei,12,273.0,285.0,4.2105263157894735
319700,Avonhead South,12,306.0,318.0,3.7735849056603774
319800,Riccarton Racecourse,12,225.0,237.0,5.063291139240507
319900,Bryndwr North,12,426.0,438.0,2.73972602739726
321300,Prestons,12,150.0,162.0,7.4074074074074066
325000,Hillmorton,12,309.0,321.0,3.7383177570093453
325600,Burwood,12,210.0,222.0,5.405405405405405
326000,Waimairi Beach,12,36.0,48.0,25.0
328700,Sydenham West,12,351.0,363.0,3.3057851239669422
318000,Bishopdale West,11,279.0,290.0,3.793103448275862
320100,Papanui West,11,360.0,371.0,2.964959568733154
321500,Fendalton,11,123.0,134.0,8.208955223880597
316800,Clearwater,10,36.0,46.0,21.73913043478261
320700,Ilam South,10,456.0,466.0,2.1459227467811157
321700,Mairehau North,10,276.0,286.0,3.4965034965034967
321900,Awatea North,10,300.0,310.0,3.225806451612903
324300,Oaklands West,10,159.0,169.0,5.9171597633136095
326500,Dallington,10,297.0,307.0,3.257328990228013
329300,Linwood East,10,189.0,199.0,5.025125628140704
330100,Woolston North,10,369.0,379.0,2.638522427440633
330800,St Martins,10,162.0,172.0,5.813953488372093
319600,Redwood East,9,228.0,237.0,3.79746835443038
322500,Wigram North,9,123.0,132.0,6.8181818181818175
326300,Oaklands East,9,261.0,270.0,3.3333333333333335
332800,Teddington,9,,,
317900,Casebrook,8,273.0,281.0,2.8469750889679712
318600,Redwood North,8,120.0,128.0,6.25
320900,Papanui East,8,255.0,263.0,3.041825095057034
325400,Aidanfield,8,117.0,125.0,6.4
328000,Halswell South,8,150.0,158.0,5.063291139240507
329200,Somerfield West,8,270.0,278.0,2.877697841726619
330500,Ensors,8,258.0,266.0,3.007518796992481
318400,Marshland,7,195.0,202.0,3.4653465346534658
323500,Middleton,7,111.0,118.0,5.932203389830509
324000,Travis Wetlands,7,198.0,205.0,3.414634146341464
325500,Tower Junction,7,,,
326700,Hoon Hay West,7,174.0,181.0,3.867403314917127
327700,Hoon Hay East,7,237.0,244.0,2.8688524590163933
328400,Wainoni,7,243.0,250.0,2.8000000000000003
317400,Northwood,6,144.0,150.0,4.0
318800,Redwood West,6,129.0,135.0,4.444444444444445
322000,Upper Riccarton,6,258.0,264.0,2.272727272727273
324100,Wigram East,6,69.0,75.0,8.0
325100,Parklands,6,261.0,267.0,2.247191011235955
327800,Avonside,6,240.0,246.0,2.4390243902439024
328300,Rawhiti,6,279.0,285.0,2.1052631578947367
316400,McLeans Island,5,,,
319400,Papanui North,5,153.0,158.0,3.1645569620253164
323600,Wigram South,5,132.0,137.0,3.64963503649635
323700,Queenspark,5,141.0,146.0,3.4246575342465753
324200,Riccarton Central,5,27.0,32.0,15.625
324700,Broken Run,5,,,
327500,Avondale (Christchurch City),5,159.0,164.0,3.048780487804878
328200,Spreydon South,5,357.0,362.0,1.3812154696132597
331800,Brookhaven-Ferrymead,5,81.0,86.0,5.813953488372093
318500,Avonhead North,4,81.0,85.0,4.705882352941177
318900,Avonhead West,4,120.0,124.0,3.225806451612903
324600,Shirley East,4,192.0,196.0,2.0408163265306123
328800,Lancaster Park,4,108.0,112.0,3.571428571428571
329500,Hoon Hay South,4,138.0,142.0,2.8169014084507045
331000,Woolston West,4,108.0,112.0,3.571428571428571
331600,Port Hills,4,,,
332300,Inlets other Christchurch City,4,,,
332600,Inlet Port Lyttelton,4,,,
317200,Styx,3,,,
317300,Belfast East,3,198.0,201.0,1.4925373134328357
317600,Regents Park,3,57.0,60.0,5.0
318100,Templeton,3,81.0,84.0,3.571428571428571
319000,Bishopdale South,3,207.0,210.0,1.4285714285714286
320400,Hornby Central,3,,,
321200,Ilam University,3,282.0,285.0,1.0526315789473684
322800,Wigram West,3,102.0,105.0,2.857142857142857
326200,Otakaro-Avon River Corridor,3,,,
328600,Aranui,3,234.0,237.0,1.2658227848101267
329800,Bexley,3,141.0,144.0,2.083333333333333
363800,Oceanic Canterbury Region,3,,,
319100,Islington-Hornby Industrial,2,,,
320300,Hornby West,2,246.0,248.0,0.8064516129032258
330900,Opawa,2,111.0,113.0,1.7699115044247788
331500,Woolston South,2,,,
316500,Paparua,1,,,
317100,Brooklands-Spencerville,1,,,
320000,Northlands (Christchurch City),1,,,
321600,Waitikiri,1,57.0,58.0,1.7241379310344827
322300,Sockburn South,1,45.0,46.0,2.1739130434782608
330400,Bromley South,1,141.0,142.0,0.7042253521126761
330700,Bromley North,1,,,
