area_code,area_name,mean,median,count
322800,Wigram West,243.02380952380952,243.64285714285714,6
328800,Lancaster Park,206.64285714285714,231.64285714285717,8
322600,Holmwood,250.97455968688848,215.71428571428572,73
324200,Riccarton Central,241.04761904761904,204.71428571428572,3
332700,Sumner,306.5204382638011,199.42857142857144,339
322100,Malvern,210.12458471760797,195.35714285714283,86
317400,Northwood,339.6208791208791,191.5,26
330500,Ensors,213.2752613240418,187.0,41
322500,Wigram North,168.39372822299651,183.71428571428572,41
324100,Wigram East,166.02463054187194,183.0,29
322300,Sockburn South,177.71428571428572,177.71428571428572,2
325700,Christchurch Central-West,217.21379445863627,174.57142857142856,727
319400,Papanui North,159.89285714285714,171.0,20
332100,Redcliffs,195.15369458128077,170.14285714285714,145
320300,Hornby West,148.21428571428572,169.42857142857144,12
323600,Wigram South,287.9835164835165,166.14285714285717,26
326800,Richmond South (Christchurch City),178.5797619047619,161.78571428571428,120
326600,Christchurch Central,359.05249449008215,161.42857142857144,713
323000,Merivale,214.45782111064008,160.71428571428572,337
327000,Christchurch Central-East,181.44567234008227,157.57142857142856,1771
321200,Ilam University,131.31428571428572,157.0,10
320700,Ilam South,139.02448979591838,155.42857142857144,35
325800,Christchurch Central-North,179.02128909117604,154.71428571428572,973
321600,Waitikiri,154.57142857142856,154.57142857142856,1
323900,St Albans West,202.7117572692794,154.35714285714283,226
327300,Halswell North,169.71629778672033,154.14285714285714,71
323800,St Albans North,169.18589743589743,149.85714285714286,156
318500,Avonhead North,114.3809523809524,149.71428571428572,3
327700,Hoon Hay East,157.00921658986172,149.57142857142856,31
326400,Addington North,157.59959758551307,149.28571428571428,71
324400,Riccarton South,192.23990683229812,146.57142857142856,184
329600,Charleston (Christchurch City),157.04761904761907,145.35714285714286,78
316800,Clearwater,345.40092165898614,139.14285714285714,31
321500,Fendalton,147.0134770889488,137.42857142857144,53
323300,Riccarton West,152.45592705167172,137.28571428571428,141
326100,Addington West,178.62787456445992,136.14285714285714,205
320900,Papanui East,149.35135135135135,135.28571428571428,37
324800,St Albans East,155.65703380588877,130.71428571428572,262
331000,Woolston West,129.3809523809524,130.71428571428572,9
322900,Awatea South,162.56985871271587,127.28571428571429,91
326700,Hoon Hay West,122.15668202764977,126.71428571428571,31
325200,Riccarton East,133.97268907563026,125.57142857142857,136
321000,Sockburn North,149.7950310559006,125.0,46
317500,Russley,116.16541353383457,124.57142857142857,19
325400,Aidanfield,130.80816326530612,121.85714285714286,35
320500,Northcote (Christchurch City),120.16594516594516,121.57142857142857,99
323100,Mairehau South,178.78571428571428,121.28571428571429,64
322400,Deans Bush,177.74499332443258,120.14285714285714,107
329800,Bexley,105.77142857142857,119.42857142857143,5
327900,Linwood West,463.96520822351084,119.28571428571429,271
326300,Oaklands East,112.84740259740259,117.78571428571428,44
327100,Christchurch Central-South,139.54233696175706,117.71428571428571,1483
319700,Avonhead South,149.67173252279636,117.28571428571429,47
325300,Edgeware,226.62927981109797,116.5,242
323200,Mona Vale,119.50093984962405,108.35714285714286,152
322200,Rutland,163.23294723294723,108.28571428571429,111
332500,Lyttelton,161.39656771799628,108.28571428571429,308
318400,Marshland,105.7063492063492,108.21428571428572,36
329700,Sydenham South,122.89738430583502,108.0,71
319800,Riccarton Racecourse,129.97674418604652,104.42857142857143,43
317300,Belfast East,83.62337662337663,104.0,11
330200,New Brighton,112.9506387921022,101.71428571428571,246
328100,Sydenham Central,125.2201680672269,100.42857142857143,85
332000,Mount Pleasant,150.30992736077482,100.0,177
320200,Ilam North,107.11317254174398,99.71428571428571,77
317000,Harewood,139.4375,99.0,16
331800,Brookhaven-Ferrymead,138.0,97.0,3
329100,Somerfield East,135.54311454311454,94.85714285714286,111
331700,South New Brighton,136.42,93.35714285714286,100
321800,Bush Inn,78.0019305019305,92.57142857142857,74
316600,Yaldhurst,228.95238095238096,92.28571428571429,75
320800,Bryndwr South,279.4761904761905,91.14285714285714,36
321900,Awatea North,114.32512315270937,90.85714285714286,29
328900,Phillipstown,101.01685393258427,90.21428571428572,178
329500,Hoon Hay South,75.84210526315789,90.14285714285714,19
321400,Strowan,186.90769230769232,89.71428571428571,65
327200,North Beach,99.83134920634922,89.0,72
329000,Kennedys Bush,159.4788732394366,88.0,71
329400,Sydenham North,113.7159277504105,86.28571428571429,87
325100,Parklands,114.42857142857143,84.57142857142858,14
330300,Cashmere West,151.18095238095236,84.5,90
322700,Wharenui,92.12280701754386,84.0,228
327400,Addington East,94.57871720116617,83.42857142857142,98
325000,Hillmorton,109.13839285714286,82.78571428571429,64
330900,Opawa,89.80357142857143,82.71428571428571,8
321100,Hornby South,104.22586872586874,81.42857142857143,74
327600,Spreydon North,89.54711246200607,80.35714285714286,94
332400,Clifton Hill,179.5031605562579,76.85714285714286,113
318100,Templeton,130.52380952380952,74.57142857142857,9
330800,St Martins,77.41904761904762,73.57142857142857,45
326000,Waimairi Beach,83.98412698412699,73.42857142857143,9
318800,Redwood West,102.67080745341616,73.28571428571429,23
330000,Westmorland,158.7353629976581,72.0,61
328700,Sydenham West,79.80952380952381,70.35714285714286,36
331400,Hillsborough (Christchurch City),165.71428571428572,69.42857142857143,70
329200,Somerfield West,74.90243902439025,69.0,41
331300,Cashmere East,235.16919959473154,68.57142857142857,141
318000,Bishopdale West,122.30662020905923,66.42857142857143,41
327800,Avonside,66.82738095238095,65.85714285714286,24
329300,Linwood East,91.93197278911565,62.714285714285715,42
331100,Woolston East,50.01587301587302,60.28571428571429,45
319200,Burnside,119.57904761904761,59.0,75
331900,Heathcote Valley,252.63025210084032,58.85714285714286,51
331200,Huntsbury,91.50905432595573,58.42857142857143,71
321700,Mairehau North,73.76061776061776,57.42857142857143,37
323700,Queenspark,72.45918367346938,54.85714285714286,14
325900,Richmond North (Christchurch City),68.74462705436156,52.57142857142857,113
326900,Spreydon West,60.47563025210084,49.42857142857143,85
317900,Casebrook,78.50595238095238,47.57142857142857,24
328500,Linwood North,66.95031055900621,47.14285714285714,46
317700,Hawthornden,82.36054421768708,46.28571428571429,63
318300,Burnside Park,76.06229235880397,45.21428571428571,172
324500,Halswell West,142.54447439353098,45.14285714285714,53
316900,Belfast West,77.4920634920635,43.57142857142857,63
318700,Broomfield,80.06227106227107,42.28571428571429,78
323500,Middleton,43.31428571428572,41.42857142857143,15
320100,Papanui West,47.89010989010989,37.35714285714286,52
322000,Upper Riccarton,58.48351648351648,37.0,13
326500,Dallington,79.48757763975155,33.857142857142854,46
317800,Bishopdale North,46.739285714285714,31.857142857142854,80
319000,Bishopdale South,29.8452380952381,30.92857142857143,12
328200,Spreydon South,44.671428571428564,30.714285714285708,20
330100,Woolston North,41.70300751879699,29.57142857142857,38
324600,Shirley East,50.535714285714285,29.35714285714286,12
319900,Bryndwr North,39.092592592592595,29.0,54
317600,Regents Park,90.25274725274724,24.714285714285708,13
323400,Shirley West,79.86507936507935,23.0,54
319500,Avonhead East,58.884453781512605,22.14285714285714,68
318600,Redwood North,104.41013824884793,15.0,31
318900,Avonhead West,13.065934065934064,14.42857142857143,13
329900,Waltham,43.221978021978025,13.857142857142861,65
320600,Jellie Park,61.322299651567945,11.57142857142857,82
330600,Beckenham,42.956043956043956,9.714285714285708,65
328300,Rawhiti,5.195767195767197,7.285714285714292,27
319600,Redwood East,10.114285714285721,6.285714285714292,35
328000,Halswell South,39.07335907335907,4.142857142857139,37
324000,Travis Wetlands,51.748571428571424,-1.4285714285714306,25
328600,Aranui,19.642857142857146,-3.0714285714285694,6
319300,Hei Hei,25.02332361516035,-4.571428571428569,49
328400,Wainoni,31.422857142857147,-9.142857142857139,25
327500,Avondale (Christchurch City),29.724489795918373,-15.714285714285708,28
324300,Oaklands West,99.91208791208791,-23.85714285714286,39
321300,Prestons,-1.2583586626139784,-24.714285714285708,47
325600,Burwood,-13.395238095238092,-27.14285714285714,30
